{"cameraMode":{"drawMode":0,"name":"Shaded","section":"Shading Mode"},"sceneLighting":false,"audioPlay":false,"sceneViewState":{"m_AlwaysRefresh":false,"showFog":false,"showSkybox":false,"showFlares":false,"showImageEffects":false,"showParticleSystems":false,"showVisualEffectGraphs":true,"m_FxEnabled":true},"in2DMode":false,"pivot":{"x":0.052556753158569339,"y":1.4258781671524048,"z":-0.027584046125411989},"rotation":{"x":-0.04214843362569809,"y":-0.8926933407783508,"z":0.08542101085186005,"w":-0.44049227237701418},"size":0.6580404043197632,"orthographic":false}